he,P
she,P
him,P
her,P
his,P
hers,P
himself,P
herself,P
Abo,R
Abbo,R
Ali Baba,R
Alpine Serb,R
Annamite,R
Bamboula,R
Balija,R
Bluegum,R
Boche,R
Boeotian,R
Bog,R
Bogtrotter,R
Bung,R
assbagger,B
assblaster,B
assclown,B
asscowboy,B
asses,B
assfuck,B
assfucker,B
asshat,B
asshole,B
assholes,B
asshore,B
assjockey,B
asskiss,B
asskisser,B
assklown,B
asslick,B
asslicker,B
asslover,B
assman,B
assmonkey,B
assmunch,B
assmuncher,B
asspacker,B
asspirate,B
asspuppies,B
assranger,B
asswhore,B
asswipe,B
bad,B
balllicker,B
bastard,B
bazongas,M
bazooms,M
beaner,R
bitch,B
bitches,B
bitchez,B
bitchin,B
bitching,B
bitchy,B
blacks,R
blowjob,B
boang,B
bogan,B
bohunk,R
bollick,B
bollock,B
bombers,R
bondage,B
boner,B
bong,B
boobies,M
booby,M
boody,B
boong,R
boonga,R
breastjob,B
breastlover,B
breastman,M
bullcrap,B
bulldike,H
bulldyke,H
bullshit,B
bumblefuck,B
bumfuck,B
bunga,R
bunghole,B
butchbabes,H
butchdike,H
butchdyke,H
buttbang,B
butt-bang,B
buttface,B
buttfuck,B
butt-fuck,B
buttfucker,B
butt-fucker,B
buttfuckers,B
butt-fuckers,B
buttmunch,B
buttmuncher,R
cameljockey,R
cameltoe,B
carpetmuncher,H
carruth,R
cherrypopper,B
chinaman,R
chinamen,R
chink ,R
chinky,R
choad,B
chode,B
clamdiver,H
clogwog,R
cock,B
cockblock,B
cockblocker,B
cockcowboy,B
cockfight,B
cockhead,B
cockknob,B
cocklicker,B
cocklover,B
cocknob,B
cockqueen,H
cockrider,B
cocksman,B
cocksmith,B
cocksmoker,B
cocksucer,B
cocksuck,B
cocksucked,B
cocksucker,B
cocksucking,B
cocktease,B
cohee,R
commie,R
cooly,R
coon,R
coondog,R
copulate,B
cornhole,B
crackpipe,B
crackwhore,M
crack-whore,M
crap,B
crapola,B
crapper,B
crappy,B
crotch,B
crotchjockey,B
crotchmonkey,B
crotchrot,B
cum,B
cumbubble,B
cumfest,B
cumjockey,B
cumm,B
cummer,B
cumming,B
cumquat,B
cumqueen,M
cumshot,B
cunilingus,B
cunillingus,B
cunn,B
cunnilingus,B
cunntt,B
cunt,B
cunteyed,B
cuntfuck,B
cuntfucker,B
cuntlick,B
cuntlicker,B
cuntlicking,B
cuntsucker,B
darkie,R
darky,R
datnigga,R
deapthroat,B
deepthroat,B
dick,B
dickbrain,B
dickforbrains,B
dickhead,B
dickless,B
dicklick,B
dicklicker,B
dickman,B
dickwad,B
dickweed,B
dike,H
dipshit,B
dipstick,B
dixiedike,B
dixiedyke,B
doggiestyle,B
doggystyle,B
dong,B
dumbass,B
dumbbitch,B
dumbfuck,B
dyke,H
easyslut,M
eatballs,B
ejaculated,B
ejaculating,B
ejaculation,B
erect,B
fag,H
fagging,H
faggot,H
fagot,H
fatass,B
fatfuck,B
fatfucker,B
fatso,B
felatio,B
felch,B
felcher,B
felching,B
fellatio,B
feltch,B
feltcher,B
feltching,B
fingerfuck,B
fingerfucked,B
fingerfucker,B
fingerfuckers,B
fingerfucking,B
fister,B
fistfuck,B
fistfucked,B
fistfucker,B
fistfucking,B
fisting,B
foursome,B
fuc,B
fucck,B
fuck,B
fucka,B
fuckable,B
fuckbag,B
fuckbuddy,B
fucked,B
fuckedup,B
fucker,B
fuckers,B
fuckface,B
fuckfest,B
fuckfreak,B
fuckfriend,B
fuckhead,B
fuckher,B
fuckin,B
fuckina,B
fucking,B
fuckingbitch,B
fuckinnuts,B
fuckinright,B
fuckit,B
fuckknob,B
fuckme,B
fuckmehard,B
fuckmonkey,B
fuckoff,B
fuckpig,B
fucks,B
fucktard,B
fuckwhore,H
fuckyou,B
fugly,B
fuk,B
fuks,B
fuuck,B
gangbang,B
gangbanged,B
gangbanger,B
gatorbait,R
gonzagas,B
gook,R
gringo,R
handjob,B
hillbillies,R
tranny,T
hobo,B
honkers,B
hore,M
whore ,M
jackass,B
jackoff,B
jackshit,B
japcrap,R
jerkoff,B
jiga,R
jigaboo,R
jigg,R
jigga,R
jiggabo,R
jigger,R
jiggy,R
jiz,B
jizzim,B
jizzum,B
joint,B
junglebunny,R
kissass,B
lesbo,H
lezbefriends,H
lezbo,H
negro,R
negroes,R
negroid,R
negro's,R
nig,R
niger,R
nigg,R
nigga,R
niggah,R
niggaracci,R
niggard,R
niggarded,R
niggarding,R
niggardliness,R
niggardliness's,R
niggardly,R
niggards,R
niggard's,R
niggaz,R
nigger,R
niggerhead,R
niggerhole,R
niggers,R
nigger's,R
niggle,R
niggled,R
niggles,R
niggling,R
nigglings,R
niggor,R
niggur,R
niglet,R
nignog,R
nigr,R
nigra,R
nigre,R
nlgger,R
nlggor,R
orgies,B
orgy,B
paki,R
puss,B
pussie,B
pussies,B
pussy,B
pussyeater,B
pussyfucker,B
pussylicker,B
pussylips,B
pussylover,B
pussypounder,B
pusy,B
queer,H/T
redneck,R
retard,B
retarded,B
schlong,B
shhit,B
shit,B
shitcan,B
shitdick,B
shite,B
shiteater,B
shited,B
shitface,B
shitfaced,B
shithead,B
shithouse,B
shiting,B
shits,B
shitstain,B
shitted,B
shitter,B
shitting,B
shitty,B
slut,M
sluts,M
slutt,M
slutting,M
slutty,M
titfuck,B
titfucker,B
titfuckin,B
titjob,B
titlicker,B
titlover,B
tits,B
tittie,B
titties,B
titty,B
tramp,B
trannie,T
transvestite,T/H/M